panel	n_features	auc_cv	f1_cv
recommended	10	0.7777777777777778	0.7692307692307693
strict	8	0.8333333333333334	0.6
top5_combined	5	0.888888888888889	0.6
