modality	feature_id	marker	shap_value	pvalue	fdr	auc	recent_3y_count	pmids	dml_effect_theta	ci95_low	ci95_high	or_adjusted	e_value	pred_component	stat_component	auc_component	lit_component	causal_component	effect_component	total_score	rank	abs_dml	strict_pass	strict_threshold_abs_dml	strict_threshold_e_value	strict_rank
protein	P00019	G019	0.8549575805664062	0.0141483004147768	0.0141483004147768	0.0925925925925925	0							1.0	1.0	0.814814814814815	1.0	1.0	0.925925925925926	0.9851851851851854	1	0.0	False	0.08	2.0	1
protein	P00026	G026	0.7047383785247803	0.0723865766535204	0.0723865766535204	0.2407407407407407	0							0.8242963095992362	0.6158660959740005	0.5185185185185186	1.0	1.0	0.5769270649918078	0.8363187523180178	2	0.0	False	0.08	2.0	2
protein	P00004	G004	0.0	0.6212765249578233	0.6212765249578233	0.3703703703703703	0							0.0	0.10999707362584593	0.2592592592592594	1.0	1.0	0.16970194787921133	0.3839403895758423	33	0.0	False	0.08	2.0	3
protein	P00001	G001	0.0	0.5094491784129855	0.5094491784129855	0.4074074074074074	0							0.0	0.1566943730786619	0.18518518518518523	1.0	1.0	0.16809069792127124	0.3836181395842543	34	0.0	False	0.08	2.0	4
protein	P00038	G038	0.0	0.514729147028173	0.514729147028173	0.5925925925925926	0							0.0	0.15426810579903025	0.18518518518518512	1.0	1.0	0.1666349375534922	0.38332698751069844	35	0.0	False	0.08	2.0	5
protein	P00018	G018	0.0	0.6300612965760172	0.6300612965760172	0.3888888888888889	0							0.0	0.10669305815252557	0.2222222222222222	1.0	1.0	0.15290472378040423	0.38058094475608084	36	0.0	False	0.08	2.0	6
protein	P00014	G014	0.0	0.635064621051534	0.635064621051534	0.6111111111111112	0							0.0	0.10483180171212876	0.22222222222222232	1.0	1.0	0.1517879699161662	0.3803575939832332	37	0.0	False	0.08	2.0	7
protein	P00047	G047	0.0	0.6012687529931081	0.6012687529931081	0.4074074074074074	0							0.0	0.11769992622892482	0.18518518518518523	1.0	1.0	0.14469402981142898	0.3789388059622858	38	0.0	False	0.08	2.0	8
